Username,Link
litprotocol,https://warpcast.com/litprotocol
evg,https://warpcast.com/evg
nicholas,https://warpcast.com/nicholas
itai,https://warpcast.com/itai
samuellhuber,https://warpcast.com/samuellhuber
zain,https://warpcast.com/zain
kirsten,https://warpcast.com/kirsten
cassie,https://warpcast.com/cassie
randomishwalk,https://warpcast.com/randomishwalk
fluxofstate,https://warpcast.com/fluxofstate
nonlinear.eth,https://warpcast.com/nonlinear.eth
nich,https://warpcast.com/nich
wijuwiju.eth,https://warpcast.com/wijuwiju.eth
jpren.eth,https://warpcast.com/jpren.eth
